Angola,Benguela,155000
Angola,Caala,8894
Angola,Tchiowa,21124
Angola,Camacupa,5740
Angola,Gabela,6930
Angola,Nova Lisboa,400000
Angola,Cuito,18941
Angola,Lobito,150000
Angola,Luanda,5851
Angola,Lubango,31674
Angola,Luena,2539
Angola,Malanje,31599
Angola,Mbanza-Kongo,4002
Angola,Menongue,3023
Angola,Mo��medes,100000
Angola,Ndalatando,7342
Angola,Saurimo,12901
Angola,Novo Redondo,7911
Angola,Tomboa,8235
Angola,Carmona) {Uige,11972
Angola,Benguela,155000
Angola,Caala,8894
Angola,Tchiowa,21124
Angola,Camacupa,5740
Angola,Gabela,6930
Angola,Nova Lisboa,400000
Angola,Cuito,18941
Angola,Lobito,150000
Angola,Luanda,5851
Angola,Lubango,31674
Angola,Luena,2539
Angola,Malanje,31599
Angola,Mbanza-Kongo,4002
Angola,Menongue,3023
Angola,Mo��medes,100000
Angola,Ndalatando,7342
Angola,Saurimo,12901
Angola,Novo Redondo,7911
Angola,Tomboa,8235
Angola,Carmona) {Uige,11972
Benin,Abomey,59672
Benin,Abomey-Calavi,61450
Benin,Adja-Ouere,16905
Benin,Adjarra,16255
Benin,Akpro-Misserete,22491
Benin,Allada,14915
Benin,Aplahoue,21443
Benin,Athieme,10925
Benin,Avrankou,13734
Benin,Banikoara,23203
Benin,Bante,15297
Benin,Bassila,25441
Benin,Bembereke,24594
Benin,Bohicon,65974
Benin,Boukoumbe,16843
Benin,Kobli,17809
Benin,Come,29069
Benin,Copargo,19020
Benin,Cotonou,665100
Benin,Dassa-Zoume,23068
Benin,Djakotomey,15111
Benin,Djidja,15549
Benin,Djougou,63626
Benin,Dogbo-Tota,31107
Benin,Ekpe,34917
Benin,Glazoue,12822
Benin,Godomey,153447
Benin,Gogounou,10679
Benin,Ifangni,20524
Benin,Kalele,21584
Benin,Kandi,27227
Benin,Kerou,34246
Benin,Ketou,25102
Benin,Klouekanme,16908
Benin,Kouande,20723
Benin,Lalo,10038
Benin,Lokossa,36954
Benin,Malanville,36056
Benin,Materi,17887
Benin,Natitingou,40443
Benin,NDali,15314
Benin,Nikki,45571
Benin,Ouesse,11253
Benin,Ouidah,37647
Benin,Ouinhi,11552
Benin,Parakou,149819
Benin,Pehunco,27101
Benin,Perere,10782
Benin,Pobe,33249
Benin,Porto-Novo,223552
Benin,Sakete,26036
Benin,Savalou,28952
Benin,Save,26440
Benin,Segbana,16115
Benin,Seme-Kpodji,12582
Benin,Sinende,25984
Benin,Tanguieta,20167
Benin,Tchaourou,20838
Benin,Tori-Bossito,12481
Benin,Toucountouna,11785
Benin,Toviklin,13562
Benin,Za-Kpota,16994
Benin,Ze,10987
Benin,Zinvie,13212
Botswana,Bobonong,19389
Botswana,Bokaa,5680
Botswana,Borolong,5184
Botswana,Chadibe,4939
Botswana,Nyangabgwe,98961
Botswana,Gabane,15237
Botswana,Gaborone,231592
Botswana,Ghanzi,14807
Botswana,Goodhope,6362
Botswana,Gumare,8532
Botswana,Gweta,5304
Botswana,Jwaneng,18008
Botswana,Kanye,47007
Botswana,Kasane,9008
Botswana,Kopong,9312
Botswana,Kumakwane,5545
Botswana,Lentsweletau,4916
Botswana,Lerala,6871
Botswana,Letlhakane,22911
Botswana,Letlhakeng,7229
Botswana,Lobatse,29007
Botswana,Lotlhakane,4828
Botswana,Mahalapye,43289
Botswana,Maitengwe,5890
Botswana,Masunga,5666
Botswana,Mathangwane,5075
Botswana,Maun,60263
Botswana,Metsimotlhaba,8884
Botswana,Mmadinare,12086
Botswana,Mmankgodi,6802
Botswana,Mmathethe,5078
Botswana,Mmopane,15450
Botswana,Mochudi,44815
Botswana,Mogoditshane,58079
Botswana,Molapowabojang,7520
Botswana,Molepolole,66466
Botswana,Moshupa,20016
Botswana,Nata,6714
Botswana,Oodi,5687
Botswana,Orapa,9531
Botswana,Otse,7661
Botswana,Palapye,37256
Botswana,Ramotswa,28952
Botswana,Sefophe,6062
Botswana,Selebi-Phikwe,49411
Botswana,Serowe,50820
Botswana,Shakawe,6693
Botswana,Shoshong,9678
Botswana,Sowa,3598
Botswana,Tati Siding,8112
Botswana,Thamaga,21471
Botswana,Tlokweng,36323
Botswana,Tonota,21031
Botswana,Tsabong,8939
Botswana,Rakops,6396
Botswana,Tutume,17528
BurkinaFaso,Banfora,75917
BurkinaFaso,Batie,10105
BurkinaFaso,Bittou,20118
BurkinaFaso,Bobo Dioulasso,489967
BurkinaFaso,Bogande,14929
BurkinaFaso,Boromo,14594
BurkinaFaso,Boulsa,17925
BurkinaFaso,Bousse,15868
BurkinaFaso,Dano,16798
BurkinaFaso,Dedougou,38862
BurkinaFaso,Diapaga,8400
BurkinaFaso,Diebougou,17937
BurkinaFaso,Djibo,28990
BurkinaFaso,Dori,21078
BurkinaFaso,Fada Ngourma,41785
BurkinaFaso,Gaoua,25104
BurkinaFaso,Garango,35015
BurkinaFaso,Gourcy,24616
BurkinaFaso,Hounde,39458
BurkinaFaso,Kaya,54365
BurkinaFaso,Kombissiri,23460
BurkinaFaso,Kongoussi,25172
BurkinaFaso,Koudougou,88184
BurkinaFaso,Koupela,28151
BurkinaFaso,Leo,26779
BurkinaFaso,Manga,19860
BurkinaFaso,Niangoloko,22310
BurkinaFaso,Nouna,22166
BurkinaFaso,Orodara,23356
BurkinaFaso,Ouagadougou,1475
BurkinaFaso,Ouahigouya,73153
BurkinaFaso,Ouargaye,10103
BurkinaFaso,Po,24320
BurkinaFaso,Pouytenga,60618
BurkinaFaso,Reo,28446
BurkinaFaso,Sapouy,12438
BurkinaFaso,Solenzo,16850
BurkinaFaso,Tenkodogo,44491
BurkinaFaso,Titao,19131
BurkinaFaso,Toma,12401
BurkinaFaso,Bonou-Toaga,17050
BurkinaFaso,Yako,22685
BurkinaFaso,Ziniare,18619
BurkinaFaso,Zorgo,20462
Burundi,Bubanza,2945
Burundi,Bujumbura,235440
Burundi,Bururi,15816
Burundi,Cankuzo,1643
Burundi,Cibitoke,8280
Burundi,Gitega,20708
Burundi,Karuzi,3403
Burundi,Kayanza,6881
Burundi,Kirundo,5181
Burundi,Makamba,5198
Burundi,Muramvya,2290
Burundi,Muyinga,5533
Burundi,Ngozi,14511
Burundi,Rutana,1944
Burundi,Ruyigi,2377
Cameroon,Abo,16022
Cameroon,Abong-Mbang,15663
Cameroon,Akonolinga,19282
Cameroon,Ambam,16060
Cameroon,Bafang,34941
Cameroon,Bafia,47471
Cameroon,Bafoussam,239287
Cameroon,Bafut,16388
Cameroon,Bali,17612
Cameroon,Bamenda,269530
Cameroon,Bandjoun,20354
Cameroon,Bangangte,28011
Cameroon,Banyo,30730
Cameroon,Batouri,31683
Cameroon,Belabo,15616
Cameroon,Bertoua,88462
Cameroon,Blangoua,17442
Cameroon,Bogo,21046
Cameroon,Buea,90090
Cameroon,Douala,1906
Cameroon,Dschang,63838
Cameroon,Ebolowa,64980
Cameroon,Edea,66581
Cameroon,Ekondo-Titi,15370
Cameroon,Eseka,17904
Cameroon,Figuil,20226
Cameroon,Foumban,83522
Cameroon,Foumbot,47643
Cameroon,Garoua,235996
Cameroon,Garoua Boulai,22410
Cameroon,Guider,52316
Cameroon,Guidiguis,15741
Cameroon,Kaele,25810
Cameroon,Kekem,17333
Cameroon,Fort-Foureau,89123
Cameroon,Kribi,59928
Cameroon,Kumba,144268
Cameroon,Kumbo,80212
Cameroon,Lagdo,21517
Cameroon,Victoria,84223
Cameroon,Loum,37537
Cameroon,Maga,15701
Cameroon,Magba,19829
Cameroon,Manjo,26758
Cameroon,Maroua,201371
Cameroon,Mbalmayo,52813
Cameroon,Mbandjock,18771
Cameroon,Mbanga,28306
Cameroon,Mbouda,46071
Cameroon,Meiganga,38096
Cameroon,Melong,49180
Cameroon,Mokolo,33335
Cameroon,Mora,39440
Cameroon,Mutengene,41063
Cameroon,Muyuka,28046
Cameroon,Nanga-Eboko,18282
Cameroon,Ndop,25740
Cameroon,Ngaoundal,25853
Cameroon,Ngaoundere,152698
Cameroon,Njombe-Penja,31090
Cameroon,Nkambe,17191
Cameroon,Nkongsamba,104050
Cameroon,Nkoteng,17743
Cameroon,Obala,29054
Cameroon,Oku,28491
Cameroon,Pitoa,21546
Cameroon,Sangmelima,51308
Cameroon,Soa,15456
Cameroon,Tcheboa,22565
Cameroon,Tibati,22869
Cameroon,Tiko,60796
Cameroon,Tombel,15632
Cameroon,Touboro,18583
Cameroon,Wum,27218
Cameroon,Yagoua,37867
Cameroon,Yaounde,1817
Cameroon,Yokadouma,21091
CapeVerde,Assomada,12026
CapeVerde,Calheta de Sao Miguel,4220
CapeVerde,Cidade Velha,1214
CapeVerde,Cova Figueira,659
CapeVerde,Joao Teves,1699
CapeVerde,Mindelo,70468
CapeVerde,Mosteiros,3598
CapeVerde,Nova Sintra,1127
CapeVerde,Pedra Badejo,9345
CapeVerde,Picos,1406
CapeVerde,Pombas,1263
CapeVerde,Porto Novo,9430
CapeVerde,Praia,127832
CapeVerde,Ribeira Brava,1884
CapeVerde,Ribeira Brava incl. Ponta do Sol,4625
CapeVerde,Sal Rei,5407
CapeVerde,Sal Rei incl. Espargos,23839
CapeVerde,Sao Domingos,2583
CapeVerde,Sao Filipe,8125
CapeVerde,Tarrafal,6177
CapeVerde,Tarrafal de Sao Nicolau,3766
CapeVerde,Porto Ingl�s,2980
Centralafrica,Alindao,14401
Centralafrica,Baboua,6812
Centralafrica,Bambari,41356
Centralafrica,Bangassou,31553
Centralafrica,Bangui,622771
Centralafrica,Baoro,13065
Centralafrica,Batangafo,16420
Centralafrica,Berberati,76918
Centralafrica,Bimbo,124176
Centralafrica,Birao,6019
Centralafrica,Bocaranga,15744
Centralafrica,Boda,11688
Centralafrica,Bossangoa,36478
Centralafrica,Bossembele,10750
Centralafrica,Bouar,40353
Centralafrica,Bouca,12280
Centralafrica,Bozoum,20665
Centralafrica,Bria,35204
Centralafrica,Carnot,45421
Centralafrica,Damara,6196
Centralafrica,Dekoa,12447
Centralafrica,Gamboula,13048
Centralafrica,Grimari,10822
Centralafrica,Ippy,15196
Centralafrica,Kabo,16279
Centralafrica,Kaga-Bandoro,24661
Centralafrica,Kembe,9166
Centralafrica,Kouango,6984
Centralafrica,Mbaiki,22166
Centralafrica,Mobaye,7176
Centralafrica,Ndele,10850
Centralafrica,Nola,29181
Centralafrica,Obo,7187
Centralafrica,Paoua,17370
Centralafrica,Sibut,22419
Centralafrica,Yaloke,13608
Centralafrica,Zemio,7423
Chad,Abeche,77400
Chad,Adre,12100
Chad,Am Timan,31400
Chad,Ati,26600
Chad,Baibokoum,14000
Chad,Bardai,1340
Chad,Bebedjia,13200
Chad,Benoy,21900
Chad,Bere,15500
Chad,Biltine,10100
Chad,Bitkine,20700
Chad,Bokoro,14600
Chad,Bol,11700
Chad,Bongor,29400
Chad,Bousso,19200
Chad,Doba,29200
Chad,Dourbali,18100
Chad,Fada,5030
Chad,-Largeau,11000
Chad,Fianga,10500
Chad,Goundi,11000
Chad,Gounou-Gaya,11100
Chad,Goz Beida,4220
Chad,Guelendeng,10300
Chad,Kelo,45100
Chad,Koumra,38400
Chad,Kyabe,19300
Chad,Lai,20500
Chad,Lere,19900
Chad,Mao,17000
Chad,Massaguet,18900
Chad,Massakory,15700
Chad,Massenya,3680
Chad,Moissala,11500
Chad,Mongo,29700
Chad,Moundou,141200
Chad,Moussoro,23300
Chad,Ndjamena,818600
Chad,Ngama,12200
Chad,Oum-Hadjer,17900
Chad,Pala,40400
Chad,Sarh,119400
Comores,Djoiezi,2096
Comores,Domoni,10073
Comores,Fomboni,12881
Comores,Foumbouni,3386
Comores,Iconi,6032
Comores,Itsandra,2684
Comores,Koimbani,2054
Comores,Mbeni,5768
Comores,Mirontsi,8790
Comores,Mitsamiouli,4811
Comores,&amp; Troumbeni) {Mitsoudje,3129
Comores,Moroni,40050
Comores,Mremani,5480
Comores,Mutsamudu,20828
Comores,Nioumachoua,2687
Comores,Ntsoudjini,3559
Comores,Ouani,8841
Comores,Sima,7702
Comores,Tsimbeo) {Tsembehou,8102
Comores,Wanani,1917
Congo,Betou,11240
Congo,Bouansa,19064
Congo,Boundji,7085
Congo,Brazzaville,1373
Congo,Djambala,10652
Congo,Dongou,7060
Congo,Enyelle,6027
Congo,Etoumbi,7719
Congo,Ewo,8142
Congo,Gamboma,18514
Congo,Impfondo,33911
Congo,Kelle,6298
Congo,Kindamba,5980
Congo,Kinkala,8600
Congo,Komono,6354
Congo,Dolisie,83798
Congo,Loudima,14130
Congo,Loukolela,5268
Congo,Loutete,19212
Congo,Madingou,25713
Congo,Makabana,9286
Congo,Makoua,14240
Congo,Mindouli,14541
Congo,Mossaka,15112
Congo,Mossendjo,13238
Congo,Mouyondzi,12695
Congo,Ngo,10121
Congo,Jacob,71620
Congo,Ollombo,5420
Congo,Ouesso,28179
Congo,Owando,24736
Congo,Oyo,14295
Congo,Pointe-Noire,715334
Congo,Pokola,10465
Congo,Sembe,4957
Congo,Sibiti,22951
Congo,Tchiamba-Nzassi,5962
CongoDemRep,Aketi,35486
CongoDemRep,Aru,26290
CongoDemRep,Bakwa-Kalonji,58092
CongoDemRep,Balamba,47213
CongoDemRep,Bandundu,117197
CongoDemRep,Basankusu,23763
CongoDemRep,Basoko,44112
CongoDemRep,Beni,81286
CongoDemRep,Binga,55906
CongoDemRep,Boende,29339
CongoDemRep,Bolobo,27166
CongoDemRep,Boma,171552
CongoDemRep,Bukama,60954
CongoDemRep,Bukavu,471789
CongoDemRep,Bulungu,47013
CongoDemRep,Bumba,89289
CongoDemRep,Bunia,230625
CongoDemRep,Businga,27921
CongoDemRep,Buta,46642
CongoDemRep,Butembo,165333
CongoDemRep,Diyaba-Lubue,32368
CongoDemRep,Djugu,23918
CongoDemRep,Dungu,23726
CongoDemRep,Fungurume,28938
CongoDemRep,Gandajika,120170
CongoDemRep,Gbadolite,42647
CongoDemRep,Gemena,113879
CongoDemRep,Goma,249862
CongoDemRep,Idiofa,50761
CongoDemRep,Ilebo,67721
CongoDemRep,Inkisi,66607
CongoDemRep,Inongo,39769
CongoDemRep,Isiro,147524
CongoDemRep,Kabalo,46896
CongoDemRep,Kabeya,25636
CongoDemRep,Kabinda,126723
CongoDemRep,Kalemie,92971
CongoDemRep,Kalima,41776
CongoDemRep,Kambove,57693
CongoDemRep,Kamina,115626
CongoDemRep,Kananga,720362
CongoDemRep,Kaniama,46233
CongoDemRep,Kanyabayonga,25499
CongoDemRep,Kasangulu,26223
CongoDemRep,Kasongo,47149
CongoDemRep,Katanda,24320
CongoDemRep,Katwa,51610
CongoDemRep,Kayna,29517
CongoDemRep,Kenge,36572
CongoDemRep,Kikwit,294210
CongoDemRep,Kimpese,45942
CongoDemRep,Kindu,135534
CongoDemRep,Kinshasa,7273
CongoDemRep,Kipamba &amp; Kikondja,26818
CongoDemRep,Kipushi,97981
CongoDemRep,Kirumba,30059
CongoDemRep,Kisangani,682599
CongoDemRep,Kituku,38340
CongoDemRep,Kolwezi,456446
CongoDemRep,Kongolo,50212
CongoDemRep,Kutu,32381
CongoDemRep,Libenge,21570
CongoDemRep,Likasi,367219
CongoDemRep,Lisala,67847
CongoDemRep,Lodja,52798
CongoDemRep,Lubao,21844
CongoDemRep,Lubero,24099
CongoDemRep,Lubumbashi,1283
CongoDemRep,Luebo,26248
CongoDemRep,Lukula,26878
CongoDemRep,Luputa,31581
CongoDemRep,Lusambo,28520
CongoDemRep,Malemba-Nkulu,25430
CongoDemRep,Mangai,36801
CongoDemRep,Mangina,32022
CongoDemRep,Manono,47632
CongoDemRep,Masi-Manimba,26440
CongoDemRep,Matadi,245862
CongoDemRep,Mbandaka,262814
CongoDemRep,Mbanza-Ngungu,82466
CongoDemRep,Mbuji-Mayi,1213
CongoDemRep,Miabi,46167
CongoDemRep,Moanda,74397
CongoDemRep,Moba,46890
CongoDemRep,Mokambo,20079
CongoDemRep,Mongbwalu,26176
CongoDemRep,Mulongo,51603
CongoDemRep,Mushie,35428
CongoDemRep,Mweka,46940
CongoDemRep,Mwene-Ditu,170786
CongoDemRep,Nioki,35900
CongoDemRep,Nyunzu,36138
CongoDemRep,Oicha,43065
CongoDemRep,Pweto,22121
CongoDemRep,Rutshuru,47756
CongoDemRep,Tshela,37088
CongoDemRep,Tshikapa,366503
CongoDemRep,Tshilenge,67044
CongoDemRep,Uvira,235136
CongoDemRep,Watsa,27308
CongoDemRep,Yangambi,35859
CongoDemRep,Zongo,28105
CotedIvoire,Abengourou,71462
CotedIvoire,Abidjan,2877
CotedIvoire,Aboisso,27218
CotedIvoire,Adiake,14280
CotedIvoire,Adzope,43821
CotedIvoire,Affery,20589
CotedIvoire,Agboville,53822
CotedIvoire,Agnibilekro,33061
CotedIvoire,Akoupe,21881
CotedIvoire,Anyama,79548
CotedIvoire,Arrah,23388
CotedIvoire,Ayame,12511
CotedIvoire,Azaguie,16677
CotedIvoire,Bangolo,12642
CotedIvoire,Beoumi,21484
CotedIvoire,Biankouma,17067
CotedIvoire,Bingerville,35944
CotedIvoire,Blolequin,24236
CotedIvoire,Bondoukou,44335
CotedIvoire,Bongouanou,21898
CotedIvoire,Bonon,28140
CotedIvoire,Bonoua,31875
CotedIvoire,Bouafle,47941
CotedIvoire,Bouake,461618
CotedIvoire,Bouna,16094
CotedIvoire,Boundiali,27927
CotedIvoire,Buyo,12953
CotedIvoire,Dabou,53633
CotedIvoire,Daloa,173107
CotedIvoire,Danane,53966
CotedIvoire,Daoukro,36414
CotedIvoire,Diegonefla,15835
CotedIvoire,Dimbokro,46683
CotedIvoire,Divo,86569
CotedIvoire,Duekoue,37374
CotedIvoire,Ferkessedougou,73010
CotedIvoire,-Zagor�ta,11785
CotedIvoire,Gagnoa,107124
CotedIvoire,Grand-Bassam,53218
CotedIvoire,Grand-Lahou,24718
CotedIvoire,Guiberoua,11512
CotedIvoire,Guiglo,35928
CotedIvoire,Hire,17837
CotedIvoire,Issia,40975
CotedIvoire,Jacqueville,12182
CotedIvoire,Katiola,38515
CotedIvoire,Korhogo,142039
CotedIvoire,Lakota,30154
CotedIvoire,Man,116657
CotedIvoire,Mankono,14908
CotedIvoire,Mbahiakro,10641
CotedIvoire,Mbatto,16871
CotedIvoire,Meagui,18093
CotedIvoire,Niable,12840
CotedIvoire,Odienne,43131
CotedIvoire,Ouangolodougou,18015
CotedIvoire,Oume,29519
CotedIvoire,Rubino,11717
CotedIvoire,Saioua,15869
CotedIvoire,Sakassou,12018
CotedIvoire,San Pedro,131800
CotedIvoire,Sassandra,16167
CotedIvoire,Seguela,43027
CotedIvoire,Sikensi,11820
CotedIvoire,Sinfra,49297
CotedIvoire,Soubre,58136
CotedIvoire,Tabou,22498
CotedIvoire,Tafire,13518
CotedIvoire,Tanda,16151
CotedIvoire,Tengrela,22327
CotedIvoire,Tiassale,18573
CotedIvoire,Tiebissou,15501
CotedIvoire,Tortiya,23080
CotedIvoire,Touba,21749
CotedIvoire,Toulepleu,11443
CotedIvoire,Toumodi,31511
CotedIvoire,Vavoua,26224
CotedIvoire,Yamoussoukro,155803
CotedIvoire,Zouan-Hounien,13391
CotedIvoire,Zuenoula,23972
Djibouti,Ali-Sabieh,22630
Djibouti,Arta,11043
Djibouti,Dikhil,19347
Djibouti,Djibouti,353801
Djibouti,Obock,9933
Djibouti,Tadjourah,12157
Egypt,Abnub,67526
Egypt,Abu al-Matamir,44415
Egypt,Abu an-Numrus,57766
Egypt,Abu Hammad,39361
Egypt,Abu Hummus,39350
Egypt,Abu Kabir,103175
Egypt,Abu Qurqas,57892
Egypt,Abu Suwayr al-Mahattah,24265
Egypt,Abu Tij,70969
Egypt,Ad-Dabah,16559
Egypt,Ad-Dilinat,41768
Egypt,Aja,17580
Egypt,Akhmim,101509
Egypt,Al-Ahram,130267
Egypt,Al-Arish,137944
Egypt,Al-Ayyat,34586
Egypt,Al-Badari,42770
Egypt,Al-Badrashayn [Badrshein],63836
Egypt,Al-Bajur,41072
Egypt,Al-Baliyana,46997
Egypt,Al-Basaliyah Bahri,21000
Egypt,Al-Bayadiyah,15501
Egypt,Al-Fashn,65621
Egypt,Al-Fayyum,315940
Egypt,Al-Ghanayim,48144
Egypt,Al-Ghurdaqah [Hurghada],160901
Egypt,Al-Hammam,41741
Egypt,Al-Hamul,51209
Egypt,Al-Hawamidiyah,109314
Egypt,Al-Husayniyah,30825
Egypt,Al-Ibrahimiyah,32167
Egypt,Al-Idwah,15875
Egypt,Al-Iskandariyah,4084
Egypt,Al-Ismailiyah,293184
Egypt,Al-Jamaliyah,63894
Egypt,Al-Jamaliyah incl. Al-Warrāq) [Giza] {Al-Jizah,2891
Egypt,Al-Khankah,59500
Egypt,Al-Kharijah,60584
Egypt,Al-Khusus,291242
Egypt,Al-Mahallah al-Kubra,442958
Egypt,Al-Mahmudiyah,28277
Egypt,Al-Manshah,65484
Egypt,Al-Mansurah,439348
Egypt,Al-Manzilah [Manzala],75034
Egypt,Al-Maraghah,38393
Egypt,Al-Matariyah,100566
Egypt,Al-Minya,236043
Egypt,Al-Minya incl. Ḥulwān) [Cairo] {Al-Qahirah,7740
Egypt,Al-Qahirah al-Jadidah,122339
Egypt,Al-Qanatir al-Khayriyah,66350
Egypt,Al-Qanayat,42563
Egypt,Al-Qantarah,29505
Egypt,Al-Qantarah ash-Sharqiyah,20700
Egypt,Al-Qurayn,64453
Egypt,Al-Qusayr,35045
Egypt,Al-Qusiyah,69388
Egypt,Al-Ubur,43600
Egypt,Al-Uqsur,202232
Egypt,Al-Waqf,27525
Egypt,Al-Wasta,37916
Egypt,Armant,76457
Egypt,Ar-Rahmaniyah,29393
Egypt,Ar-Riyad,18263
Egypt,Ar-Ruda,20500
Egypt,Ashmun,83931
Egypt,Ash-Shaykh Zawid,18577
Egypt,Ash-Shaykh Zayed,29422
Egypt,Ash-Shruq,22570
Egypt,Ash-Shuhada,49447
Egypt,As-Saff,45131
Egypt,As-Salhiyah al-Jadidah,18957
Egypt,As-Santah,32033
Egypt,As-Sarw,21500
Egypt,As-Sibaiyah Gharb,16300
Egypt,As-Sinbillawayn,86786
Egypt,As-Suways [Suez],500000
Egypt,Aswan,266013
Egypt,Asyut,389307
Egypt,At-Tall al-Kabir,42552
Egypt,At-Tur,19826
Egypt,Awlad Saqr,21370
Egypt,Awsim,67485
Egypt,Az-Zaqaziq,302840
Egypt,Az-Zarqa,16500
Egypt,Badr,20971
Egypt,Baltim,40199
Egypt,Banha,157701
Egypt,Bani Mazar,79553
Egypt,Bani Suwayf,193048
Egypt,Bani Suwayf al-Jadidah,17921
Egypt,Bani Ubayd,30048
Egypt,Basyun,53226
Egypt,Biba,57716
Egypt,Bilbays [Bilbeis],137182
Egypt,Bilqas,94700
Egypt,Birkat as-Sab,33873
Egypt,Biyala,66663
Egypt,Bur Said,570603
Egypt,Damanhur,244043
Egypt,Dar as-Salam,31736
Egypt,Daraw,38400
Egypt,Dayr Mawas,40640
Egypt,Dayrut,72856
Egypt,Dikirnis,67732
Egypt,Dishna,52534
Egypt,Disuq,106827
Egypt,Diyarb Najm,53384
Egypt,Dumyat,206664
Egypt,Faid,21808
Egypt,Faqus,78405
Egypt,Faraskur,33000
Egypt,Farshut,51052
Egypt,Fuwah,63175
Egypt,Hawsh Isa,46994
Egypt,Hihya,44465
Egypt,Ibshaway,54853
Egypt,Idfu,69000
Egypt,Idku,97168
Egypt,Ihnasiya,37174
Egypt,Isna,68656
Egypt,Itsa,47189
Egypt,Ityay al-Barud,40744
Egypt,Izbat al-Burj,33538
Egypt,Jirja,102597
Egypt,Juhaynah,46768
Egypt,Kafr ad-Dawwar,114030
Egypt,Kafr al-Battikh,30500
Egypt,Kafr ash-Shaykh [Kafr el-Sheikh],147393
Egypt,Kafr az-Zayyat,71272
Egypt,Kafr Sad,22500
Egypt,Kafr Saqr,30333
Egypt,Kafr Shukr,23390
Egypt,Kawm Hamadah,36334
Egypt,Kawm Umbu,71596
Egypt,Kirdasah,77121
Egypt,Madinat Ashirh min-Ramadan,125920
Egypt,Madinat as-Sadat,48666
Egypt,Madinat Badr,17158
Egypt,Madinat Dumyat al-Jadidah,27028
Egypt,Madinat Sittah Uktubar,154093
Egypt,Maghaghah,75657
Egypt,Mallawi,139929
Egypt,Manfalut,82585
Egypt,Marsa Matruh,120539
Egypt,Mashtul as-Suq,48709
Egypt,Matay,46903
Egypt,Minuf,89262
Egypt,Minya al-Qamh,62331
Egypt,Minyat an-Nasr,56000
Egypt,Mit Ghamr,116593
Egypt,Mit Salsil,31272
Egypt,Ad-Dākhlah) [Dakhla] {Mut,20439
Egypt,Mutubis,29428
Egypt,Nabaruh,38953
Egypt,Naj Hammadi,45038
Egypt,Naqadah,21530
Egypt,Nasir Bush,85319
Egypt,Qaha,26694
Egypt,Qallin,35033
Egypt,Qalyub,107303
Egypt,Qift,22063
Egypt,Qina,201191
Egypt,Qus,60068
Egypt,Qutur,24518
Egypt,Quwaysina,44667
Egypt,Rafah,31515
Egypt,Ras Garib,31860
Egypt,Rashid,68947
Egypt,Safaja,33715
Egypt,Sahil Salim,31781
Egypt,Samalut,91475
Egypt,Samannud,57177
Egypt,Saqultah,21695
Egypt,Sawhaj,190132
Egypt,Sharm ash-Shaykh [Sharm el-Sheikh],38478
Egypt,Shibin al-Kawm,177112
Egypt,Shirbin,54785
Egypt,Shubra al-Khaymah,1025
Egypt,Shubra Khit,28505
Egypt,Sibin al-Qanatir,55272
Egypt,Sidfa,20931
Egypt,Sidi Barrani,21060
Egypt,Sidi Salim,45906
Egypt,Sinnuris,82148
Egypt,Sirs al-Layyanah,52653
Egypt,Siwa,16056
Egypt,Sumusta al-Waqf,37965
Egypt,Tahta,85528
Egypt,Tala,49468
Egypt,Talkha,78281
Egypt,Tamiyah,49385
Egypt,Tanta,422854
Egypt,Tima,67443
Egypt,Tukh,41624
Egypt,Wadi al-Natrun  [Natron Valley],21540
Egypt,Yusuf as-Sidiq,15660
Egypt,Zifta,93740
EquatorialGuinea,Bata,50023
EquatorialGuinea,Ebebiyin,8075
EquatorialGuinea,Evinayong,3170
EquatorialGuinea,Luba,2450
EquatorialGuinea,Malabo,60065
EquatorialGuinea,Mbini,1229
EquatorialGuinea,Mongomo,2370
EquatorialGuinea,San Antonio de Pale,910
Eritrea,Adi Qayeh) {Adi Keyih,15633
Eritrea,Adi Qala) {Adi Kwala,7225
Eritrea,Adi Tekelezan,9616
Eritrea,Mendefera) {Adi Ugri,20391
Eritrea,Afabet,35673
Eritrea,Agordat) {Akordat,22316
Eritrea,Areza,4774
Eritrea,Assab) {Aseb,44220
Eritrea,Asmara) {Asmera,380568
Eritrea,Barentu,13219
Eritrea,Dekemhare,21675
Eritrea,Ghinda) {Ginda,15539
Eritrea,Goluj,9297
Eritrea,Hagaz,11861
Eritrea,Keren,55586
Eritrea,Massawa) {Mitsiwa,27179
Eritrea,Nacfa) {Nakfa,4312
Eritrea,Umhajer) {Om Hajer,9240
Eritrea,Segeneyti,6146
Eritrea,Senafe,12282
Eritrea,Tessenei,15327
Ethiopia,Abiy Addi,19500
Ethiopia,Abomsa,17300
Ethiopia,Adet,20900
Ethiopia,Adigrat,69700
Ethiopia,Adis Abeba [Addis Abeba],2979
Ethiopia,Adis Zemen,17600
Ethiopia,Adwa,49000
Ethiopia,Agaro,30100
Ethiopia,Aksum,54000
Ethiopia,Alamata,40200
Ethiopia,Haromaya,36400
Ethiopia,Aleta Wendo,28200
Ethiopia,Arba Minch,95500
Ethiopia,Areka,40100
Ethiopia,Arsi Negele,56000
Ethiopia,Asasa,24500
Ethiopia,Asayita,20900
Ethiopia,Chiro,39800
Ethiopia,Asela,79600
Ethiopia,Asosa,34300
Ethiopia,Awasa,200400
Ethiopia,Awash Sebat Kilo,19400
Ethiopia,Awubere,12200
Ethiopia,Chilga,16600
Ethiopia,Babille,21000
Ethiopia,Bahir Dar,170300
Ethiopia,Bako,19500
Ethiopia,Bati,18400
Ethiopia,Bedele,23100
Ethiopia,Bedessa,21500
Ethiopia,Bekoji,21000
Ethiopia,Bichena,17700
Ethiopia,Boditi,30800
Ethiopia,Bonga,26600
Ethiopia,Burayu,57800
Ethiopia,Bure,22300
Ethiopia,Butajira,42600
Ethiopia,Chagne,25400
Ethiopia,Chuko,23600
Ethiopia,Dangila,27100
Ethiopia,Debark,22900
Ethiopia,Debre Birhan,71400
Ethiopia,Debre Markos,68500
Ethiopia,Debre Tabor,60800
Ethiopia,Bishoftu,118300
Ethiopia,Deder,15300
Ethiopia,Degeh Bur,34000
Ethiopia,Dembi Dolo,34900
Ethiopia,Dera,17500
Ethiopia,Derwernache,12900
Ethiopia,Dese,131600
Ethiopia,Dila,75400
Ethiopia,Dire Dawa,256800
Ethiopia,Dodola,24700
Ethiopia,Dolo,29800
Ethiopia,Dubti,19200
Ethiopia,Durame,31200
Ethiopia,Mekane Yesus,15200
Ethiopia,Fiche,32500
Ethiopia,Finote Selam,28300
Ethiopia,Gambela,54700
Ethiopia,Kuyu,23500
Ethiopia,Gelemso,19500
Ethiopia,Holata,27600
Ethiopia,Gidole,16800
Ethiopia,Gimbi,36700
Ethiopia,Ginchi,21500
Ethiopia,Ginir,20200
Ethiopia,Waliso,44800
Ethiopia,Goba,37900
Ethiopia,Gode,48900
Ethiopia,Gonder,227100
Ethiopia,Guder,17400
Ethiopia,Gutin,16100
Ethiopia,Hadero,22700
Ethiopia,Ambo,57000
Ethiopia,Hagere Maryam,32900
Ethiopia,Harer,108200
Ethiopia,Hartisheik,15900
Ethiopia,Himora,26200
Ethiopia,Hosaina,89300
Ethiopia,Hurata,15700
Ethiopia,Inda Silase,57200
Ethiopia,Injibara,23000
Ethiopia,Iteya,17700
Ethiopia,Jijiga,142500
Ethiopia,Jima,143200
Ethiopia,Bako,25800
Ethiopia,Kebri Dehar,33100
Ethiopia,Kembolcha,64200
Ethiopia,Kemise,21200
Ethiopia,Adola,27100
Ethiopia,Kobo,27200
Ethiopia,Kofele,16000
Ethiopia,Alaba K'ulito) {Kolito,34300
Ethiopia,Korem,20400
Ethiopia,Lalibela,19100
Ethiopia,Leku,15100
Ethiopia,Logia,18300
Ethiopia,May Kadra,15500
Ethiopia,Maychew,28300
Ethiopia,Debub &amp; Semen Mek'ele) {Mekele,261200
Ethiopia,Mekhoni,16700
Ethiopia,Meki,42900
Ethiopia,Mendi,16600
Ethiopia,Mer Awi,20400
Ethiopia,Mersa,17600
Ethiopia,Metu,34100
Ethiopia,Mieso,15800
Ethiopia,Mizan,29500
Ethiopia,Mojo,35000
Ethiopia,Mota,28600
Ethiopia,Moyale,32900
Ethiopia,Adama,260600
Ethiopia,Nefas Mewcha,21500
Ethiopia,Negele,41700
Ethiopia,Nejo,22500
Ethiopia,Nekemte,89000
Ethiopia,Bale Zone,52500
Ethiopia,Arsi Zone,18000
Ethiopia,Felege Neway,29000
Ethiopia,Sebeta,58400
Ethiopia,Shakiso,27100
Ethiopia,Shambu,17700
Ethiopia,Shashemene,118900
Ethiopia,Kewet,19200
Ethiopia,Shinshicho,18200
Ethiopia,Shiraro,20600
Ethiopia,Shone,19900
Ethiopia,Sodo,97000
Ethiopia,Sokota,24500
Ethiopia,Tepi,31700
Ethiopia,Tis Abay,18900
Ethiopia,Tog Wajale,16300
Ethiopia,Tulu Bolo,17100
Ethiopia,Weldiya,50400
Ethiopia,Welenchiti,18000
Ethiopia,Welkite,36800
Ethiopia,Wenji Gefersa,16600
Ethiopia,Werota,23200
Ethiopia,Wikro,36500
Ethiopia,Yabelo,20700
Ethiopia,Yirga Alem,38700
Ethiopia,Yirga Chefe,19300
Ethiopia,Ziway,51700
Gabon,Bitam,7473
Gabon,Franceville,31183
Gabon,Tsogni,7205
Gabon,Koulamoutou,11773
Gabon,Lambarene,15033
Gabon,Lastoursville,6053
Gabon,Lastoursville incl. Peripherie,419596
Gabon,Makokou,9849
Gabon,Moanda,21882
Gabon,Mouila,16307
Gabon,Mounana,6372
Gabon,Nkan,6219
Gabon,Okondja,5193
Gabon,Oyem,22404
Gabon,Port-Gentil,79225
Gabon,Tchibanga,14054
Gambia,Kara Allunkhari,4571
Gambia,Banjul,35061
Gambia,Bansang,6966
Gambia,Barra,4257
Gambia,Basse Santa Su,10948
Gambia,Brikama,57556
Gambia,Brikema-ba,3051
Gambia,Brufut,8644
Gambia,Essau,4486
Gambia,Essau incl. Jigimarr,19572
Gambia,Gambissara,7599
Gambia,Garowol,6512
Gambia,Gunjur,9983
Gambia,Georgetown,2813
Gambia,Georgetown incl. Serekunda: Bakau: Bununka Kunda: Latri Kunda: Jeshwang,322735
Gambia,Kerewan,3403
Gambia,Kuntaur,1665
Gambia,Lamin,10668
Gambia,Pakalinding,1978
Gambia,Sareh Mawndeh,9838
Gambia,Sabi,4734
Gambia,Sanyang,4435
Gambia,Selikene,3560
Gambia,Soma,11050
Gambia,Sukuta,12170
Gambia,Sukuta Sanchaba,4497
Gambia,Tanji,4623
Gambia,Wellingara,7663
Guinea,Beyla,11566
Guinea,Boke,40575
Guinea,Conakry,1092
Guinea,Coyah,30062
Guinea,Dabola,13157
Guinea,Dinguiraye,9799
Guinea,Faranah,34472
Guinea,Forecariah,14206
Guinea,Fria,44369
Guinea,Gu�ck�dougou) {Gueckedou,79140
Guinea,Kamsar,61526
Guinea,Kankan,100192
Guinea,Kerouane,15499
Guinea,Kindia,96074
Guinea,Kissidougou,66018
Guinea,Koundara,13003
Guinea,Kouroussa,10141
Guinea,Labe,49512
Guinea,Lola,22118
Guinea,Macenta,47360
Guinea,Mamou,49479
Guinea,Nzerekore,107329
Guinea,Pita,14089
Guinea,Sangaredi,19640
Guinea,Siguiri,26881
Guinea,Telimele,11091
Guinea,Yomou,9991
GuineaBissau,Bafata,18000
GuineaBissau,Bissau,203000
GuineaBissau,Canchungo,5500
GuineaBissau,Catio,6000
GuineaBissau,Farim,4700
GuineaBissau,Nova Lamego) {Gabu,9500
GuineaBissau,Mansoa,5200
Kenya,Awendo,17992
Kenya,Bondo,14745
Kenya,Bungoma,55867
Kenya,Busia,40740
Kenya,Elburgon,32654
Kenya,Eldama Ravine,17872
Kenya,Eldoret,252061
Kenya,Elwak,24368
Kenya,Embu,35736
Kenya,Garissa,110383
Kenya,Gilgil,35293
Kenya,Githunguri,10007
Kenya,Hola,11693
Kenya,Homa Bay,28361
Kenya,Isiolo,44154
Kenya,Juja,40446
Kenya,Kabarnet,17645
Kenya,Kajiado,14631
Kenya,Kakamega,69502
Kenya,Kakuma,31962
Kenya,-Tala,13356
Kenya,Kapenguria,20880
Kenya,Kapsabet,22804
Kenya,Karuri,99739
Kenya,Kehancha,30109
Kenya,Kericho,42029
Kenya,Kerugoya/Kutus,16369
Kenya,Kiambu,76093
Kenya,Kikuyu,190208
Kenya,Kilgoris,9865
Kenya,Kilifi,44257
Kenya,Kimilili,41115
Kenya,Kiserian,14243
Kenya,Kisii,61892
Kenya,Kisumu,259258
Kenya,Kitale,75782
Kenya,Kitengela,58167
Kenya,Kitui,20419
Kenya,Lamu,13243
Kenya,Limuru,61336
Kenya,Lodwar,45368
Kenya,Lokichogio,17695
Kenya,Machakos,41917
Kenya,Madogo,13240
Kenya,Mai Mahiu,11230
Kenya,Mairo Inya,9858
Kenya,Malaba,16480
Kenya,Malindi,84150
Kenya,Mandera,57692
Kenya,Maralal,15860
Kenya,Mariakani,24055
Kenya,Marsabit,14907
Kenya,Masalani,14012
Kenya,Matuu,10804
Kenya,Maua,15536
Kenya,Athi River,110396
Kenya,Mbita Point,10753
Kenya,Meru,38833
Kenya,Migori,53100
Kenya,Mois Bridge,10858
Kenya,Molo,32576
Kenya,Mombasa,915101
Kenya,Moyale,27943
Kenya,Msambweni,11985
Kenya,Mtwapa,48625
Kenya,Muhoroni,14806
Kenya,Mumias,38960
Kenya,Muranga,23949
Kenya,Mwingi,15970
Kenya,Nairobi,3133
Kenya,Naivasha,91993
Kenya,Nakuru,286411
Kenya,Nanyuki,31826
Kenya,Narok,38653
Kenya,Ngong,104073
Kenya,Njoro,23551
Kenya,Nyahururu,31952
Kenya,Nyamira,12719
Kenya,Nyeri,63626
Kenya,Ongata Rongai,40178
Kenya,Rhamu,24037
Kenya,Rongo,12355
Kenya,Ruiru,236961
Kenya,Sagana,9889
Kenya,Siaya,20923
Kenya,Tabaka,12700
Kenya,Takaba,21474
Kenya,Taveta,17465
Kenya,Thika,136576
Kenya,Ukunda,62529
Kenya,Usenge,9830
Kenya,Vihiga,36398
Kenya,Voi,17152
Kenya,Wajir,16838
Kenya,Wanguru,17626
Kenya,Watamu,10030
Kenya,Webuye,23318
Kenya,Wote,9875
Lesotho,Botha-Bothe,14268
Lesotho,Hlotse,25500
Lesotho,Mafeteng,32148
Lesotho,Maputsoe,30800
Lesotho,Maseru,197907
Lesotho,Mohales Hoek,28310
Lesotho,Mokhotlong,8808
Lesotho,Quthing,13776
Lesotho,Qachas Nek,8167
Lesotho,Teyateyaneng,61475
Lesotho,Thaba-Tseka,6752
Liberia,Barclayville,3108
Liberia,Bensonville,520
Liberia,Bopolu,2912
Liberia,Buchanan,50245
Liberia,River Cess,2389
Liberia,Fish Town,3566
Liberia,Foya,20569
Liberia,Ganta,42077
Liberia,Gbarnga,56986
Liberia,Greenville,13370
Liberia,Harbel,25309
Liberia,Harper,23517
Liberia,Kakata,34608
Liberia,Kahnple,5585
Liberia,Monrovia,1021
Liberia,Plibo,23464
Liberia,Robertsport,3515
Liberia,Sagleipie,13790
Liberia,Sanniquellie,11854
Liberia,Tubmanburg,14576
Liberia,Voinjama,15269
Liberia,Zorzor,5577
Liberia,Zwedru,25349
Libya,Ajdabiya,65276
Libya,Al-Abyar,16940
Libya,Al-Aziziyah,29310
Libya,Al-Bayda,67120
Libya,Al-Hurshah,15880
Libya,- Al-Kufrah,17320
Libya,Al-Jumayl,21160
Libya,Al-Khums,38174
Libya,Al-Marj,54010
Libya,Al-Qubbah,10170
Libya,Al-Ujaylat,28250
Libya,Awbari,9890
Libya,Az-Zahra,11790
Libya,Az-Zawiyah,91603
Libya,Banghazi,446250
Libya,Bani Walid,28650
Libya,Birak,19360
Libya,Darnah,60980
Libya,Ghadamis,6666
Libya,Gharyan,16420
Libya,Ghat,6509
Libya,Hun,8440
Libya,Jalu,7810
Libya,Maradah,11280
Libya,Marzuq,10829
Libya,Misratah,121669
Libya,Mizdah,11510
Libya,Nalut,10380
Libya,Riqdalin,15550
Libya,Sabha,70905
Libya,Sabratah,30220
Libya,Shahhat,12710
Libya,Surman,27040
Libya,Surt,35278
Libya,Tarabulus,591062
Libya,Tarhunah,29750
Libya,Tawurgha,10540
Libya,Tubruq,62500
Libya,Yafran,18460
Libya,Zlitan,39950
Libya,Zuwarah,21600
Madagascar,Ambalavao,27200
Madagascar,Ambanja,38600
Madagascar,Ambatoboeny,35200
Madagascar,Ambatofinandrahana,30600
Madagascar,Ambatolampy,26900
Madagascar,Ambatondrazaka,46100
Madagascar,Amboasary,40400
Madagascar,Ambositra,30600
Madagascar,Ambovombe,103000
Madagascar,Ampanihy,31400
Madagascar,Amparafaravola,51200
Madagascar,Andapa,22100
Madagascar,Andilamena,26800
Madagascar,Antsirambazaha: Hell-Ville,37400
Madagascar,Ankazoabo,28800
Madagascar,Anosibe Anala,21900
Madagascar,Antalaha,35100
Madagascar,Antananarivo [Tananarive],2128
Madagascar,Antanifotsy,62100
Madagascar,Antsirabe,226000
Madagascar,Di�go-Suarez,109000
Madagascar,Antsohihy,21900
Madagascar,Arivonimamo,20500
Madagascar,Beloha,32000
Madagascar,Belon'i Tsiribihina,45600
Madagascar,Betafo,31500
Madagascar,Betioky,31300
Madagascar,Ampasimanolotra: Vohibinany,23700
Madagascar,Fandriana,29400
Madagascar,Farafangana,36000
Madagascar,Faratsiho,35000
Madagascar,F�n�rive-Est,21300
Madagascar,Fenoarivo,24700
Madagascar,Fianarantsoa,180300
Madagascar,Ihosy,28500
Madagascar,Ikalamavony,21800
Madagascar,Ikongo,49200
Madagascar,Majunga,209100
Madagascar,Mahanoro,35500
Madagascar,Manakara,48500
Madagascar,Mananara Nord,52200
Madagascar,Mananjary,33000
Madagascar,Manjakandriana,25500
Madagascar,Maroantsetra,24900
Madagascar,Marolambo,25800
Madagascar,Marovoay,36900
Madagascar,Miandrivazo,26500
Madagascar,Moramanga,29200
Madagascar,Morondava,44600
Madagascar,Nosy Varika,44400
Madagascar,Sakaraha,29500
Madagascar,Sambava,33500
Madagascar,Soanierana Ivongo,42500
Madagascar,Soavinandriana,41000
Madagascar,Tola'aro: T�lanaro: Fort-Dauphin,46600
Madagascar,Tamatave,260300
Madagascar,Tul�ar,148500
Madagascar,Tsihombe,41000
Madagascar,Tsiroanomandidy,32500
Madagascar,Vangaindrano,32500
Madagascar,Vavatenina,33300
Madagascar,Vondrozo,24000
Malawi,Balaka,22733
Malawi,Blantyre,661256
Malawi,Chikwawa,6987
Malawi,Chitipa,14753
Malawi,Dedza,20241
Malawi,Dowa,4765
Malawi,Karonga,40334
Malawi,Kasungu,39640
Malawi,Lilongwe,674448
Malawi,Liwonde,22927
Malawi,Luchenza,10896
Malawi,Mangochi,39575
Malawi,Mchinji,17881
Malawi,Monkey Bay,11246
Malawi,Mponela,9846
Malawi,Mulanje,14497
Malawi,Mwanza,14226
Malawi,Mzimba,20994
Malawi,Mzuzu,133968
Malawi,Nkhata Bay,11269
Malawi,Nkhotakota,24726
Malawi,Nsanje,20179
Malawi,Ntcheu,14642
Malawi,Ntchisi,7918
Malawi,Phalombe,4935
Malawi,Rumphi,17845
Malawi,Salima,27852
Malawi,Thyolo,7693
Malawi,Zomba,88314
Mauritania,Adel Bagrou,36007
Mauritania,Akjoujt,7904
Mauritania,Aleg,12898
Mauritania,Atar,24021
Mauritania,Ayoun el-Atrous,11867
Mauritania,Bababe,11802
Mauritania,Bogue,37531
Mauritania,Bou Gadoum,29045
Mauritania,Boû Cṭaïla) {Bou Steile,14904
Mauritania,Boutilimit,22257
Mauritania,Gouraye,18073
Mauritania,Guerou,15589
Mauritania,Hamoud,20867
Mauritania,Kaedi,34227
Mauritania,Khabou,21700
Mauritania,Kiffa,32716
Mauritania,El Kseïba) {Legceiba,14908
Mauritania,Magta-Lahjar,12117
Mauritania,Mal,20488
Mauritania,Mbout,8899
Mauritania,NBeike,18310
Mauritania,Nema,13759
Mauritania,Nouadhibou,72337
Mauritania,Nouakchott,558195
Mauritania,Rosso,48922
Mauritania,Selibaby,15289
Mauritania,Soudoud,16392
Mauritania,Thiekane,22041
Mauritania,Tidjikdja,13532
Mauritania,Timbedhga,11390
Mauritania,Tintane,9938
Mauritania,Zouerat,33929
Mauritius,Bambous,15345
Mauritius,Beau Bassin-Rose Hill,103098
Mauritius,Bel Air,17605
Mauritius,Brisee Verdiere,7512
Mauritius,Centre de Flacq,15791
Mauritius,Chemin Grenier,12223
Mauritius,Curepipe,77471
Mauritius,St.-Antoine,20712
Mauritius,Grand Baie,11910
Mauritius,Grand Bois,7982
Mauritius,Grand Gaube,7578
Mauritius,Lalmatie,10387
Mauritius,Le Hochet,15034
Mauritius,LEscalier,7770
Mauritius,Long Mountain,6995
Mauritius,Mahebourg,15176
Mauritius,Moka,8846
Mauritius,Montagne Blanche,9053
Mauritius,New Grove,10518
Mauritius,Pailles,11618
Mauritius,Pamplemousses,9295
Mauritius,Petit Raffray,9254
Mauritius,Plaine des Papayes,7607
Mauritius,Plaine Magnien,10443
Mauritius,Pointe aux Piments,9079
Mauritius,Port Louis,137608
Mauritius,Region 5,7705
Mauritius,Poste de Flacq,8454
Mauritius,Poudre dOr,4142
Mauritius,Quatre Bornes,75613
Mauritius,Richelieu,7906
Mauritius,Riviere des Anguilles,9242
Mauritius,Riviere du Rempart,10825
Mauritius,Rose Belle,12035
Mauritius,Souillac,4411
Mauritius,St. Pierre,15982
Mauritius,Surinam,10507
Mauritius,Tamarin,3766
Mauritius,Terre Rouge,10760
Mauritius,Baie du Tombeau,14687
Mauritius,Trou aux Biches,23386
Mauritius,Trois Boutiques,7322
Mauritius,Vacoas-Phoenix,105559
Mayotte,Acoua,3276
Mayotte,Bandraboua,2091
Mayotte,Bandrele,2938
Mayotte,Barakani,2367
Mayotte,Boueni,2027
Mayotte,Chiconi,5372
Mayotte,Chirongui,1259
Mayotte,Combani,4219
Mayotte,Dembeni,2499
Mayotte,Dzaoudzi,272
Mayotte,Dzoumogne,3286
Mayotte,Iloni,2262
Mayotte,Kani-Keli,1735
Mayotte,Kavani,8100
Mayotte,Kaweni,11562
Mayotte,Koungou,6710
Mayotte,Labattoir,15067
Mayotte,Mamoudzou,6186
Mayotte,Mirereni,2135
Mayotte,Mtsahara,2251
Mayotte,Mtsamboro,2872
Mayotte,MTsangamouji,3724
Mayotte,Mtsapere,11283
Mayotte,Ouangani,2604
Mayotte,Pamandzi,9077
Mayotte,Passamainty,7086
Mayotte,Poroani,1997
Mayotte,Sada,6973
Mayotte,Tsararano,2654
Mayotte,Tsingoni,2340
Mayotte,Tsountsou 1,3398
Mayotte,Vahibe,3736
Mocambique,Alto Molocue,42200
Mocambique,Angoche,89998
Mocambique,Beira,431583
Mocambique,Bela Vista,2588
Mocambique,Bilene Macia,27795
Mocambique,Boane,23524
Mocambique,Buzi,14092
Mocambique,Caia,18233
Mocambique,Guij�) {Canicado,5689
Mocambique,Catandica,22271
Mocambique,Chibuto,63184
Mocambique,Vila Eduardo Mondlane,8321
Mocambique,Chimoio,237497
Mocambique,Chinde,15116
Mocambique,Chiure,32603
Mocambique,Chokwe,53062
Mocambique,Cuamba,79013
Mocambique,Dondo,70817
Mocambique,Gondola,33877
Mocambique,Gorongosa,18761
Mocambique,Gurue,145466
Mocambique,Homoine,7272
Mocambique,Iapala,17344
Mocambique,Ibo,4908
Mocambique,Inhambane,65149
Mocambique,Inhaminga,9956
Mocambique,Inharrime,8106
Mocambique,Inhassoro,11297
Mocambique,Mecanhelas,5741
Mocambique,Lichinga,142331
Mocambique,Luabo,6112
Mocambique,Machipanda,13742
Mocambique,Macomia,19997
Mocambique,Moma,25557
Mocambique,da Costa,15410
Mocambique,Magude,10692
Mocambique,Malema/Canhunha,20277
Mocambique,Mandimba,16323
Mocambique,Mandlacaze,10317
Mocambique,Manhica,56165
Mocambique,Manica,36124
Mocambique,Maputo,1094
Mocambique,Marracuene,11236
Mocambique,Marromeu,39409
Mocambique,Marrupa,8235
Mocambique,Massinga,20930
Mocambique,Matola,671556
Mocambique,Maxixe,108824
Mocambique,Meconta,9376
Mocambique,Messica,13695
Mocambique,Metangula/Lunho,12772
Mocambique,Milange,30257
Mocambique,Moamba,12862
Mocambique,Moatize,38924
Mocambique,Mocambique,48063
Mocambique,Mocimboa da Praia,39010
Mocambique,Mocuba,168736
Mocambique,Monapo,43160
Mocambique,Montepuez,76139
Mocambique,Morrumbala,20727
Mocambique,Morrumbene,10789
Mocambique,Mossuril,20730
Mocambique,Mueda,23480
Mocambique,Murrupula,16791
Mocambique,Mutuali,28342
Mocambique,Mutuali incl. Maiaia/Mutiva &amp; Muanona,206449
Mocambique,Nacala-Velha,15691
Mocambique,Namaacha,12725
Mocambique,Namacurra,19497
Mocambique,-Er�ti,22713
Mocambique,Nametil,45160
Mocambique,Namialo,32048
Mocambique,Nampula,471717
Mocambique,Nhamatanda,25902
Mocambique,Mutarara) {Nhamayabue,8685
Mocambique,Nova Mambone,2137
Mocambique,Pebane,14779
Mocambique,Pemba,138716
Mocambique,Praia de Bilene,7951
Mocambique,Quelimane,193343
Mocambique,Quissico,10391
Mocambique,Ressano Garcia,7689
Mocambique,Ribaue,26035
Mocambique,Unango,3602
Mocambique,Songo,26775
Mocambique,Tete,155870
Mocambique,Ulongue,13620
Mocambique,Vilanculos,37176
Mocambique,Xai-Xai,115752
Mocambique,Xilembene,20440
Mocambique,Xinavane,9930
Morocco,Agadir,695667
Morocco,Ain El Aouda,25105
Morocco,Ain Harrouda,41853
Morocco,Ain Taoujdate,22030
Morocco,Ait Melloul,130370
Morocco,Ait Ourir,20005
Morocco,Al Aaroui,36021
Morocco,Al Hoceima,55357
Morocco,Moha Ou Hammou Zayani,28933
Morocco,Aourir,21810
Morocco,Asilah,28217
Morocco,Azemmour,40319
Morocco,Azilal,27719
Morocco,Azrou,47540
Morocco,Benahmed,21361
Morocco,Benguerir,62872
Morocco,Beni Ansar,31800
Morocco,Beni Mellal,163286
Morocco,Ben Slimane,46478
Morocco,Berkane,80012
Morocco,Berrechid,89830
Morocco,Biougra,25928
Morocco,Bouarfa,25947
Morocco,Boujad,40513
Morocco,Bouznika,27028
Morocco,Dar El Beida,3084
Morocco,Chefchaouene,35709
Morocco,Chemaia,21859
Morocco,Dcheira El Jihadia,89367
Morocco,Demnate,23459
Morocco,El Aioun,34767
Morocco,El Hajeb,27667
Morocco,El Jadida,144440
Morocco,El Kelaa des Sraghna,68694
Morocco,Erfoud,23637
Morocco,Errachidia,76759
Morocco,Rich,20155
Morocco,Essaouira,69493
Morocco,Fes,946815
Morocco,Fnideq,53559
Morocco,Fquih Ben Salah,82446
Morocco,Guelmim,95749
Morocco,Guercif,57307
Morocco,Ihaddadene,25480
Morocco,Imzourene,26575
Morocco,Inezgane,112753
Morocco,Jerada,43916
Morocco,Jorf El Melha,20581
Morocco,Kasba Tadla,40898
Morocco,Kenitra,359142
Morocco,Khemisset,105088
Morocco,Khenifra,101605
Morocco,Khouribga,166397
Morocco,Ksar El Kebir,107380
Morocco,Laattaouia,20237
Morocco,Lahraouyine,47261
Morocco,Lamkanssa,33940
Morocco,Larache,107371
Morocco,Lqliaa,38220
Morocco,Marrakech,823154
Morocco,Martil,39011
Morocco,MDiq,36596
Morocco,Mechra Bel Ksiri,27630
Morocco,Meknes,536232
Morocco,Midelt,44781
Morocco,Missour,20978
Morocco,Mohammedia,200109
Morocco,Rissani,20469
Morocco,MRirt,35196
Morocco,Nador,213165
Morocco,Ouarzazate,77784
Morocco,Oued Zem,83970
Morocco,Ouezzane,57972
Morocco,Ouislane,47824
Morocco,Oujda,400738
Morocco,Oulad Ayad,21466
Morocco,Oulad Teima,66183
Morocco,Rabat,1622
Morocco,Sabaa Aioun,21513
Morocco,Safi,284750
Morocco,Sale,760186
Morocco,Sefrou,64006
Morocco,Settat,116570
Morocco,Sidi Bennour,47396
Morocco,Sidi Ifni,20051
Morocco,Sidi Kacem,74062
Morocco,Sidi Slimane,78060
Morocco,Sidi Slimane Echcharraa,22904
Morocco,Sidi Taibi,19979
Morocco,Sidi Yahya El Gharb,31705
Morocco,Skhirate,43025
Morocco,Souk Larba Al Gharb) {Souk El Arbaa,43392
Morocco,Souk Sebt Oulad Nemma,51049
Morocco,Tabounte,21168
Morocco,Tahala,25655
Morocco,Tanger [Tangier],669685
Morocco,Tan-Tan,60698
Morocco,Taounate,32629
Morocco,Taourirt,80024
Morocco,Taroudannt,69489
Morocco,Taza,139686
Morocco,Temara,225497
Morocco,Tetouan,396146
Morocco,Tiflet,69640
Morocco,Tinrhir,36391
Morocco,Tiznit,53682
Morocco,Youssoufia,72269
Morocco,Zagora,34851
Morocco,Zaio,29851
Morocco,Zaouiat Cheikh,22728
Morocco,Segangane,20181
Namibia,Arandis,5100
Namibia,Eenhana,5600
Namibia,Gobabis,19000
Namibia,Grootfontein,16400
Namibia,Grootfontein incl. Oshikango,19200
Namibia,Henties Bay,4800
Namibia,Karasburg,4300
Namibia,Karibib,5100
Namibia,Katima Mulilo,28200
Namibia,Keetmanshoop,18900
Namibia,Sorris Sorris,6900
Namibia,Luderitz,12500
Namibia,Mariental,12300
Namibia,Nkurenkuru,600
Namibia,Okahandja,22500
Namibia,Okahao,1600
Namibia,Okakarara,3700
Namibia,Omaruru,6000
Namibia,Omuthiya,3800
Namibia,Ondangwa,21100
Namibia,Ongwediva,19300
Namibia,Opuwo,7900
Namibia,Oranjemund,3900
Namibia,Oshakati,35600
Namibia,Oshikuku,2600
Namibia,Otavi,5200
Namibia,Otjinene,2100
Namibia,Otjiwarongo,28000
Namibia,Utapi,6600
Namibia,Outjo,8400
Namibia,Rehoboth,28800
Namibia,Ruacana,2900
Namibia,Rundu,61900
Namibia,Swakopmund,44700
Namibia,Tsumeb,19200
Namibia,Usakos,3600
Namibia,Walvis Bay,61300
Namibia,Windhoek,322500
Niger,Abalak,12764
Niger,Agadez,124324
Niger,Aguie,11475
Niger,Arlit,112432
Niger,Boboye) {Birni NGaoure,10775
Niger,Birni NKonni,44663
Niger,Dakoro,18875
Niger,Diffa,48005
Niger,Dogondoutchi,29244
Niger,Dosso,91488
Niger,Filingue,11661
Niger,Gaya,28385
Niger,Goure,13422
Niger,Guidan Roumji,10744
Niger,Illela,15805
Niger,Keita,8633
Niger,Kollo,10533
Niger,Madaoua,22175
Niger,Madarounfa,8763
Niger,Magaria,17776
Niger,Maine-Soroa,10176
Niger,Maradi,206414
Niger,Matameye,17930
Niger,Mayahi,9774
Niger,Mirriah,19161
Niger,NGuigmi,15922
Niger,Niamey,1302
Niger,Say,10502
Niger,Tahoua,123373
Niger,Tanout,15779
Niger,Tchin Tabaraden,9001
Niger,Tchirozerine,10032
Niger,Tera,19508
Niger,Tessaoua,31667
Niger,Tillaberi,16683
Niger,Zinder,274530
Reunion,Bras-Panon,11699
Reunion,Cilaos,5989
Reunion,Entre-Deux,6176
Reunion,La Plaine-des-Palmistes,5072
Reunion,La Possession,30167
Reunion,Le Port,38609
Reunion,Les Avirons,10455
Reunion,Les Trois-Bassins,7057
Reunion,Le Tampon,72658
Reunion,LEtang-Sale,23939
Reunion,Petite-Ile,11582
Reunion,Saint-Andre,52939
Reunion,Saint-Benoit,34682
Reunion,Saint-Denis,175576
Reunion,Sainte-Marie,30367
Reunion,Sainte-Rose,6822
Reunion,Sainte-Suzanne,22437
Reunion,Saint-Joseph,35846
Reunion,Saint-Leu,30504
Reunion,Saint-Louis,51460
Reunion,Saint-Paul,172274
Reunion,Saint-Philippe,5100
Reunion,Saint-Pierre,149804
Reunion,Salazie,7406
Rwanda,Butare,77217
Rwanda,Byumba,66268
Rwanda,Cyangugu,59070
Rwanda,Gikongoro,32427
Rwanda,Gisenyi,67766
Rwanda,Gitarama,87065
Rwanda,Kabuga,51693
Rwanda,Kibungo,44216
Rwanda,Kibuye,46640
Rwanda,Kigali,603049
Rwanda,Nyabisindu,60117
Rwanda,Ruhango,50930
Rwanda,Ruhengeri,71511
Rwanda,Rwamagana,46198
Rwanda,Nyagatare,8437
SaoTome,Guadelupe,1543
SaoTome,Neves,6635
SaoTome,Pantufo,1929
SaoTome,Santana,6228
SaoTome,Santo Antonio,1010
SaoTome,Santa Cruz) {Sao Joao Angolares,1862
SaoTome,Sao Tome,49957
SaoTome,Trindade,6049
Senegal,Bakel,14100
Senegal,Bambey,23300
Senegal,Bargny,44100
Senegal,Bignona,27900
Senegal,Dagana,22600
Senegal,Dahra,33600
Senegal,Dahra incl. Pikine &amp; Guediawaye,2396
Senegal,Diamniadio,13200
Senegal,Diourbel,102800
Senegal,Fatick,25800
Senegal,Gandiaye,10600
Senegal,Gossas,12200
Senegal,Goudomp,12600
Senegal,Guingueneo,15000
Senegal,Joal-Fadiout,42800
Senegal,Kaffrine,29900
Senegal,Kanel,12600
Senegal,Kaolack,193400
Senegal,Kayar,19000
Senegal,Kebemer,16200
Senegal,Kedougou,20200
Senegal,Khombole,13500
Senegal,Kolda,67300
Senegal,Koungheul,16300
Senegal,Linguere,14800
Senegal,Louga,88300
Senegal,Matam,19000
Senegal,Mbacke,79800
Senegal,Mboro,12500
Senegal,Mbour,199400
Senegal,Meckhe) {Mekhe,16200
Senegal,Ndioum,17600
Senegal,Ndoffane,10600
Senegal,Nguekokh,22000
Senegal,Nioro du Rip,16600
Senegal,Ouro Sogui,17100
Senegal,Podor,13400
Senegal,Pout,19600
Senegal,Richard Toll,52800
Senegal,Rosso,11600
Senegal,Rufisque,173100
Senegal,Saint-Louis,180900
Senegal,Sebikhotane,22500
Senegal,Sedhiou,21100
Senegal,Sokone,13500
Senegal,Tambacounda,85700
Senegal,Thies,278200
Senegal,Thilogne,10900
Senegal,Tiadiaye,13300
Senegal,Tivaouane,40500
Senegal,Touba Mosquee,620500
Senegal,Velingara,25500
Senegal,Waounde,11200
Senegal,Ziguinchor,165100
Seychelles,Anse aux Pins,3850
Seychelles,Anse Boileau,4011
Seychelles,Anse Etoile,4717
Seychelles,Anse Royale,4168
Seychelles,Au Cap,4233
Seychelles,Baie Lazare,3608
Seychelles,Anse Volbert,4876
Seychelles,Beau Vallon,4120
Seychelles,Belombre,3708
Seychelles,Cascade,4267
Seychelles,Glacis,3833
Seychelles,Grand Anse,3106
Seychelles,Grand Anse,3727
Seychelles,Le Passe,2761
Seychelles,Pointe Larue,3071
Seychelles,Port Glaud,2572
Seychelles,Takamaka,2825
Seychelles,Victoria,26450
SierraLeone,Benguema,9707
SierraLeone,Blama,8603
SierraLeone,Bo,149957
SierraLeone,Bonthe,9740
SierraLeone,Daru,17899
SierraLeone,Freetown,772873
SierraLeone,Gbendembu,12139
SierraLeone,Goderich,19209
SierraLeone,Kabala,14108
SierraLeone,Kailahun,13108
SierraLeone,Kamakwie,15885
SierraLeone,Kambia,11842
SierraLeone,Kenema,128402
SierraLeone,-New Sembehun Town,82899
SierraLeone,Lunsar,16567
SierraLeone,Magburaka,16313
SierraLeone,Makeni,80840
SierraLeone,Mattru Jong,7647
SierraLeone,Mile 91,15491
SierraLeone,Moyamba,11485
SierraLeone,Pendembu,7243
SierraLeone,Port Loko,21961
SierraLeone,Pujehun,7571
SierraLeone,Rokupr,9285
SierraLeone,Segbwema,7961
SierraLeone,Torgbonbu,10716
SierraLeone,Waterloo,34079
SierraLeone,Yormadu,7834
SierraLeone,Yengema,3621
Somalia,Muqdisho [Mogadishu],1500
SouthAfrica-UA,Alberton,147948
SouthAfrica-UA,Aliwal North,22508
SouthAfrica-UA,Atlantis,49108
SouthAfrica-UA,Beaufort West,28614
SouthAfrica-UA,Warmbad,28194
SouthAfrica-UA,Benoni,365467
SouthAfrica-UA,Bethlehem,57127
SouthAfrica-UA,Bhisho,93288
SouthAfrica-UA,Bloemfontein,333769
SouthAfrica-UA,Boksburg,260905
SouthAfrica-UA,Delmas,35859
SouthAfrica-UA,Botshabelo,177971
SouthAfrica-UA,Brakpan,171359
SouthAfrica-UA,Brits,47556
SouthAfrica-UA,Butterworth,33003
SouthAfrica-UA,Kaapstad,2415
SouthAfrica-UA,Oberholzer,164367
SouthAfrica-UA,Ceres,22673
SouthAfrica-UA,Cradock,29166
SouthAfrica-UA,De Aar,26953
SouthAfrica-UA,Dundee,24754
SouthAfrica-UA,Durban,2117
SouthAfrica-UA,Oos-Londen,212323
SouthAfrica-UA,Ekangala,30925
SouthAfrica-UA,Ekuphumleni,20367
SouthAfrica-UA,eMbalenhle,77896
SouthAfrica-UA,Barberton,24870
SouthAfrica-UA,Empangeni,24711
SouthAfrica-UA,eMzinoni,42803
SouthAfrica-UA,Empumalanga,81714
SouthAfrica-UA,Ermelo,50526
SouthAfrica-UA,Esikhawini,32893
SouthAfrica-UA,Estcourt,25767
SouthAfrica-UA,Fochville,27982
SouthAfrica-UA,Fort Beaufort,25489
SouthAfrica-UA,Frankfort,20026
SouthAfrica-UA,Ga-Rankuwa,59228
SouthAfrica-UA,George,94122
SouthAfrica-UA,Giyani,21926
SouthAfrica-UA,Graaff-Reinet,34179
SouthAfrica-UA,Grahamstown,62640
SouthAfrica-UA,Harrismith,33728
SouthAfrica-UA,Heidelberg,41816
SouthAfrica-UA,Heilbron,24242
SouthAfrica-UA,Hennenman,21951
SouthAfrica-UA,Johannesburg,1480
SouthAfrica-UA,Bothaville,36523
SouthAfrica-UA,Kimberley,170432
SouthAfrica-UA,Klerksdorp,137318
SouthAfrica-UA,Knysna,30807
SouthAfrica-UA,Kokstad,21032
SouthAfrica-UA,Kroonstad,86927
SouthAfrica-UA,Krugersdorp,203168
SouthAfrica-UA,Lady Frere,24315
SouthAfrica-UA,Ladysmith,89087
SouthAfrica-UA,Leandra,21629
SouthAfrica-UA,Lebowakgomo,23711
SouthAfrica-UA,Lichtenburg,48726
SouthAfrica-UA,Lulekani,23950
SouthAfrica-UA,Mabopane,83904
SouthAfrica-UA,Malmesbury,20403
SouthAfrica-UA,Margate,26718
SouthAfrica-UA,Mdantsane,182998
SouthAfrica-UA,Middelburg,85884
SouthAfrica-UA,Midrand,126400
SouthAfrica-UA,Mmabatho,44255
SouthAfrica-UA,Mondlo,28344
SouthAfrica-UA,Monyakeng,23411
SouthAfrica-UA,Mossel Bay,42984
SouthAfrica-UA,Nelspruit,94714
SouthAfrica-UA,Newcastle,219682
SouthAfrica-UA,Nigel,91724
SouthAfrica-UA,Orkney,75324
SouthAfrica-UA,Oudtshoorn,53586
SouthAfrica-UA,Paarl,140376
SouthAfrica-UA,Parys,43431
SouthAfrica-UA,Phalaborwa,62019
SouthAfrica-UA,Phola,22423
SouthAfrica-UA,Phuthaditjhaba,41930
SouthAfrica-UA,Pietermaritzburg,378126
SouthAfrica-UA,Pietersburg,91407
SouthAfrica-UA,Piet Retief,27522
SouthAfrica-UA,Port Elizabeth,749921
SouthAfrica-UA,Port Shepstone,29047
SouthAfrica-UA,Potchefstroom,101682
SouthAfrica-UA,Potgietersrus,41498
SouthAfrica-UA,Pretoria,1104
SouthAfrica-UA,Queenstown,53656
SouthAfrica-UA,Viljoenskroon,24076
SouthAfrica-UA,Randfontein,98045
SouthAfrica-UA,Richards Bay,70637
SouthAfrica-UA,Rustenburg,104537
SouthAfrica-UA,Saldanha,44590
SouthAfrica-UA,Sasolburg,73291
SouthAfrica-UA,Schweizer-Reineke,26309
SouthAfrica-UA,Secunda,25459
SouthAfrica-UA,Siyabuswa,29811
SouthAfrica-UA,Balfour,20854
SouthAfrica-UA,Somerset West,112489
SouthAfrica-UA,Soweto,1098
SouthAfrica-UA,Springs,160795
SouthAfrica-UA,Standerton,55063
SouthAfrica-UA,Stanger,28312
SouthAfrica-UA,Stellenbosch,58296
SouthAfrica-UA,Stilfontein,53590
SouthAfrica-UA,Temba,35056
SouthAfrica-UA,Tembisa,282272
SouthAfrica-UA,Thaba Nchu,37102
SouthAfrica-UA,Theunissen,20350
SouthAfrica-UA,Thohoyandou,39513
SouthAfrica-UA,Wolmaransstad,22178
SouthAfrica-UA,Uitenhage,192120
SouthAfrica-UA,Umtata,72205
SouthAfrica-UA,Upington,54544
SouthAfrica-UA,Vanderbijlpark,253335
SouthAfrica-UA,Vereeniging,346780
SouthAfrica-UA,Centurion,114575
SouthAfrica-UA,Virginia,61006
SouthAfrica-UA,Vryburg,33180
SouthAfrica-UA,Vryheid,52311
SouthAfrica-UA,Free State Goldfields,203296
SouthAfrica-UA,Westonaria,113932
SouthAfrica-UA,Witbank,167183
SouthAfrica-UA,Worcester,76894
SouthSudan,Uwayl,59217
SouthSudan,Bāntīū,41328
SouthSudan,Būr,18250
SouthSudan,Jūbā,230195
SouthSudan,Kabūyitā,16449
SouthSudan,Kūdūk,6909
SouthSudan,Leer,7109
SouthSudan,Malakāl,114528
SouthSudan,Maridi,8780
SouthSudan,Ar-Rank,68922
SouthSudan,Rumbīk,19399
SouthSudan,Tumbura,5854
SouthSudan,Wārāb,5769
SouthSudan,Wāw,118331
SouthSudan,Yāmbiyū,105881
SouthSudan,Yāy,111268
SouthSudan,Yirol,7042
StHelena,Alarm Forest,256
StHelena,Blue Hill,149
StHelena,Half Tree Hollow,879
StHelena,Jamestown,640
StHelena,Levelwood,311
StHelena,Longwood,691
StHelena,Sandy Bay,202
StHelena,New Ground) {St. Pauls,739
Sudan,Abu Jubayhah,47188
Sudan,Abu Zabad,23317
Sudan,Ad-Damazin,136788
Sudan,Ad-Damir,73654
Sudan,Ad-Dillinj [Dilling],59089
Sudan,Ad-Dindar,25567
Sudan,Ad-Duayn,137103
Sudan,Ad-Duwaym,73622
Sudan,Shuwak,21106
Sudan,Al-Fashir,217827
Sudan,Al-Faw,30629
Sudan,Al-Fulah,26020
Sudan,Al-Husayhisa,47408
Sudan,Al-Huwattah,30184
Sudan,Al-Jazirah Aba,21683
Sudan,Al-Junaynah [El Geneina],134264
Sudan,Al-Khartum,1410
Sudan,Al-Khartum Bahri,1012
Sudan,Al-Manaqil,99775
Sudan,Al-Mujlad,40418
Sudan,Al-Qadarif,269395
Sudan,Al-Qutaynah,26893
Sudan,Al-Ubayyid,345126
Sudan,An-Nuhud,66184
Sudan,Ardamata,55637
Sudan,Ar-Rahad,36518
Sudan,Ar-Rusayris,58712
Sudan,As-Suki,23509
Sudan,Atbarah,112021
Sudan,Babanusah,32759
Sudan,Barbar,26203
Sudan,Buram,65473
Sudan,Bur Sudan,394561
Sudan,Dunqula,56167
Sudan,Ghubaysh,22733
Sudan,Halfa al-Jadidah,63589
Sudan,Jubayt,30856
Sudan,Kabkabiyah,42376
Sudan,Kaduqli,67095
Sudan,Kas,55255
Sudan,Kassala,298529
Sudan,Khashim al-Qirbah,42900
Sudan,Kotum,34694
Sudan,Kusti,213080
Sudan,Mellit,50165
Sudan,Nyala,492984
Sudan,Rabak,123890
Sudan,Rahad al-Bardi,24768
Sudan,Rufaah,28374
Sudan,Sannar,123158
Sudan,Sawakin,42456
Sudan,Shairiyah,48966
Sudan,Shandi,63746
Sudan,Sinjah,56058
Sudan,Sinkat,35617
Sudan,Tandalti,31329
Sudan,Tawkar,37051
Sudan,Tullus,41807
Sudan,Umm Durman,1849
Sudan,Umm Ruwabah,56833
Sudan,Umm Shukah,20302
Sudan,Wad Madani,289482
Sudan,Zalingay,35061
Swaziland,Bhunya,2650
Swaziland,Big Bend,9374
Swaziland,Havelock,2443
Swaziland,Hlatikulu,2076
Swaziland,Lavumisa,1117
Swaziland,Malkerns,7400
Swaziland,Mankayane,1040
Swaziland,Manzini,25571
Swaziland,Mbabane,57992
Swaziland,Mhlambanyatsi,2553
Swaziland,Mhlume,7661
Swaziland,Mondi Forest,2703
Swaziland,Mpaka,2144
Swaziland,Ngomane,3920
Swaziland,Ngwenya,842
Swaziland,Nhlangano,6540
Swaziland,Nsoka,963
Swaziland,Piggs Peak,4581
Swaziland,Sidvokodvo,1528
Swaziland,Simunye,5333
Swaziland,Stegi,4157
Swaziland,Tabankulu,2551
Swaziland,Tjaneni,2250
Swaziland,Vuvulane,3594
Tanzania,Arusha,333791
Tanzania,Babati,30975
Tanzania,Bagamoyo,28368
Tanzania,Bariadi,15462
Tanzania,Biharamulo,9585
Tanzania,Hai) {Bomangombe,17674
Tanzania,Bugarama,9248
Tanzania,Bukoba,59157
Tanzania,Bunda,40404
Tanzania,Buseresere,9202
Tanzania,Chake Chake,19283
Tanzania,Chala,9046
Tanzania,Chalinze,10469
Tanzania,Chato,13540
Tanzania,Dakawa,7537
Tanzania,Dar es Salaam,2339
Tanzania,Diobahika,10616
Tanzania,Dodoma,150604
Tanzania,Dumila,9650
Tanzania,Gairo,16982
Tanzania,Geita,39562
Tanzania,Chanika,14057
Tanzania,Hedaru,14179
Tanzania,Ifakara,41606
Tanzania,Igunga,15553
Tanzania,Igurusi,7635
Tanzania,Ikwiriri,10029
Tanzania,Ilula,17065
Tanzania,Iringa,102208
Tanzania,Sangilwa,10909
Tanzania,Itigi,14362
Tanzania,Kahama,33957
Tanzania,Karatu,9437
Tanzania,Kasamwa,8739
Tanzania,Kasulu,33452
Tanzania,Katoro,13458
Tanzania,Kibaha,42503
Tanzania,Kibaigwa,10004
Tanzania,Kibaoni,7868
Tanzania,Kibiti,11395
Tanzania,Kibondo,13241
Tanzania,Kidodi-Kidatu,38486
Tanzania,Kigoma,131792
Tanzania,Kihurio,8072
Tanzania,Kilindoni,9463
Tanzania,Kilosa,26060
Tanzania,Kilwa Masoko,8339
Tanzania,Kimamba,10537
Tanzania,Kiomboi,11350
Tanzania,Kirando,9936
Tanzania,Kisarawe,7603
Tanzania,Kisesa,10179
Tanzania,Lilombe,8413
Tanzania,Kondoa,20426
Tanzania,Korogwe,26601
Tanzania,Kyela,17602
Tanzania,Laela,9745
Tanzania,Lindi,29178
Tanzania,Liwale,14096
Tanzania,Lushoto,9834
Tanzania,Mafinga,16612
Tanzania,Magu,17638
Tanzania,Mahuta,9460
Tanzania,Makambako,35919
Tanzania,Makuyuni,9355
Tanzania,Mangula,12083
Tanzania,Manyoni,16645
Tanzania,Maposeni,8201
Tanzania,Maramba,7732
Tanzania,Masasi,34034
Tanzania,Marongwe,10791
Tanzania,Matongo,8118
Tanzania,Mbeya,232596
Tanzania,Mbinga,15359
Tanzania,Mbuguni,37109
Tanzania,Mbulu,12137
Tanzania,Mikumi,11778
Tanzania,Misungwi,12127
Tanzania,Mlandizi,17324
Tanzania,Mlimba,13740
Tanzania,Mnyuzi,9542
Tanzania,Monduli,8815
Tanzania,Morogoro,209058
Tanzania,Moshi,143799
Tanzania,Mpanda,44533
Tanzania,Mpwapwa,18992
Tanzania,Mtama,8503
Tanzania,Mto wa Mbu,9320
Tanzania,Mtwara,79277
Tanzania,Mugumu,12549
Tanzania,Muheza,22604
Tanzania,Musoma,104851
Tanzania,Mtibwa,12576
Tanzania,Mvumi Mission,8875
Tanzania,Mwanga,12329
Tanzania,Mwanza,385810
Tanzania,Nachingwea,18810
Tanzania,Namanyere,15638
Tanzania,Nangomba,8004
Tanzania,Nansio,28341
Tanzania,Nanyamba,9872
Tanzania,Narunyu,9394
Tanzania,Ndanda,9234
Tanzania,Ndungu,8725
Tanzania,Newala,16910
Tanzania,Ngudu,12324
Tanzania,Nguruka,20413
Tanzania,Njombe,34630
Tanzania,Nkome,15443
Tanzania,Maswa,17384
Tanzania,Nzega,24113
Tanzania,Pongwe,7680
Tanzania,Ruangwa,9605
Tanzania,Rujewa,9413
Tanzania,Same,16819
Tanzania,Sengerema,38424
Tanzania,Shinyanga,73921
Tanzania,Shirati,9794
Tanzania,Sikonge,9506
Tanzania,Singida,57904
Tanzania,Sirari,16795
Tanzania,Songea,98683
Tanzania,Sumbawanga,74890
Tanzania,Tabora,126089
Tanzania,Tandahimba,10713
Tanzania,Tanga,172557
Tanzania,Tarakea,9569
Tanzania,Tarime,36122
Tanzania,Tukuyu,15856
Tanzania,Tunduma,28237
Tanzania,Tunduru,24512
Tanzania,Turiani,7841
Tanzania,Ubaruku,12685
Tanzania,Urambo,18913
Tanzania,Usa River,13542
Tanzania,Ushirombo,16016
Tanzania,Utengule,30816
Tanzania,Vikindu,7640
Tanzania,Vwawa,19298
Tanzania,Wete,24983
Tanzania,Zanzibar,320701
Togo,An�cho) {Aneho,24891
Togo,Anie,37398
Togo,Atakpame,69261
Togo,Badou,12003
Togo,Bafilo,17937
Togo,Bassari,23181
Togo,Blitta,9735
Togo,Senkase) {Cinkasse,26926
Togo,Dapango,58071
Togo,Guerin-Kouka,9570
Togo,Kant�) {Kande,12970
Togo,Lama-Kara,94878
Togo,Palim�) {Kpalime,75084
Togo,Lome,837437
Togo,Niamtougou,21250
Togo,Notse,35039
Togo,Mango) {Sansanne-Mango,24766
Togo,Sokode,95070
Togo,Sotouboua,24332
Togo,Tabligbo,22304
Togo,Tchamba,22970
Togo,Tsevie,54474
Togo,Vogan,17340
Tunisia,Den Den) {Ad-Dandan,24732
Tunisia,Akouda) {Akkudah,21237
Tunisia,El Aïn) {Al-Ayn,38250
Tunisia,El Fahs) {Al-Fahs,19315
Tunisia,El Hamma) {Al-Hammah,34835
Tunisia,Hammamet) {Al-Hammamat,63116
Tunisia,Djedaïda) {Al-Jadidah,24746
Tunisia,El Jem,18302
Tunisia,Le Kef) {Al-Kaf,45191
Tunisia,Le Kram,58152
Tunisia,Mahdia) {Al-Mahdiyah,45977
Tunisia,La Marsa) {Al-Marsa,77890
Tunisia,Métlaoui) {Al-Mitlawi,37099
Tunisia,Moknine) {Al-Muknin,48389
Tunisia,Monastir) {Al-Munastir,71546
Tunisia,El Mourouj) {Al-Muruj,81986
Tunisia,Kalâa Kebira) {Al-Qalah al-Kabirah,45990
Tunisia,Kalâa Seghira) {Al-Qalat as-Saghirah,25078
Tunisia,El Ksar) {Al-Qasr,29617
Tunisia,Kasserine) {Al-Qasrayn,76243
Tunisia,Kairouan) {Al-Qayrawan,117903
Tunisia,Ouerdanine) {Al-Wardanin,18852
Tunisia,Redeyef,26143
Tunisia,Ariana) {Aryanah,97687
Tunisia,Chebba) {Ash-Shabbah,19883
Tunisia,Chihia) {Ash-Shayhiyah,23625
Tunisia,Ettadhamen-Mnihla) {At-Tadaman,118487
Tunisia,Ezzahra) {Az-Zahra,31792
Tunisia,Béja) {Bajah,56677
Tunisia,Le Bardo) {Bardaw,70244
Tunisia,Ben Gardane,58101
Tunisia,Ben Arous) {Bin Arus,74932
Tunisia,Bizerte,114371
Tunisia,Boum Mel El Bassatine) {Bu Mahal al-Bassatin,27977
Tunisia,Bou Salem) {Bu Salim,20098
Tunisia,Dar Châabane) {Dar Shaban,35859
Tunisia,Douar Hicher) {Dawwar Hishar,75844
Tunisia,Douz) {Duz,27060
Tunisia,Fériana) {Firyanah,24198
Tunisia,Ghannouch) {Ghannush,22681
Tunisia,Ghardimaou) {Ghar ad-Dima,19688
Tunisia,La Goulette) {Halq al-Wadi,28407
Tunisia,Hammam Sousse) {Hammam Susah,34685
Tunisia,Hamman Lif) {Hammam al-Anif,38401
Tunisia,Hammam Chott) {Hammam ash-Shut,24847
Tunisia,Jemmal) {Jammal,41786
Tunisia,Djerba Ajim) {Jarbah Ajim,24166
Tunisia,Djerba Midoun) {Jarbah Midun,50459
Tunisia,Djerba Houmt Souk) {Jarbah Hawmat as-Suq,64919
Tunisia,Zarzis) {Jarjis,70895
Tunisia,Jendouba) {Jundubah,43997
Tunisia,Médenine) {Madanin,61705
Tunisia,Medjez El Bab) {Majaz al-Bab,20308
Tunisia,La Manouba) {Manubah,26666
Tunisia,Menzel Jemil) {Manzil Jamil,18344
Tunisia,Menzel Temime) {Manzil Tamim,34528
Tunisia,Menzel Bourguiba) {Manzil Bu Ruqaybah,47742
Tunisia,Mégrine) {Maqrin,24031
Tunisia,M'saken) {Masakin,55721
Tunisia,Mateur) {Matir,31345
Tunisia,Mohamedia-Fouchana) {Muhammadiyat Fushanah,74620
Tunisia,Mornag) {Murnaq,26406
Tunisia,Nabeul) {Nabul,56387
Tunisia,Nefta) {Naftah,20308
Tunisia,Gabès) {Qabis,116323
Tunisia,Gafsa) {Qafsah,84676
Tunisia,Kélibia) {Qalibiyah,43209
Tunisia,Gremda,36405
Tunisia,Ksar Hellal) {Qasr Hallal,39991
Tunisia,Kébili) {Qibili,18693
Tunisia,Korba,34807
Tunisia,Grombalia) {Qurunbaliyah,18856
Tunisia,Ksour Essef) {Qusur as-Saf,26219
Tunisia,Radès) {Radis,44857
Tunisia,Ras Jebel) {Ras al-Jabal,25553
Tunisia,Raoued) {Rawad,53911
Tunisia,Sfax) {Safaqis,265131
Tunisia,Sakiet Eddaīer) {Saqiyat ad-Dair,40717
Tunisia,Sakiet Ezzit) {Saqiyat az-Zayt,44886
Tunisia,Sidi Bouzid) {Sidi Bu Zayd,39915
Tunisia,Siliana) {Silyanah,24243
Tunisia,Sbeïtla) {Subaytilah,20253
Tunisia,La Soukra,89151
Tunisia,Soliman) {Sulayman,29060
Tunisia,Souk Lahad) {Suq al-Ahad,18285
Tunisia,Sousse) {Susah,173047
Tunisia,Téboulba) {Tabulbah,31154
Tunisia,Tebourba) {Taburbah,24175
Tunisia,Tajerouine) {Tajarwin,18185
Tunisia,Takelsa) {Taklisah,20169
Tunisia,Tataouine) {Tatawin,59346
Tunisia,Tozeur,32400
Tunisia,Thyna) {Tinah,26635
Tunisia,Tunis,728453
Tunisia,Moularès) {Umm al-Arais,24487
Tunisia,Oued Ellil) {Wadi al-Layl,47614
Tunisia,Zaghouan) {Zaghwan,16037
Zambia,Chililabombwe,75747
Zambia,Chingola,179658
Zambia,Chinsali,13000
Zambia,Chipata,95000
Zambia,Choma,57387
Zambia,Chongwe,12551
Zambia,Isoka,17628
Zambia,Itezhi-Tezhi,12202
Zambia,Kabwe,202914
Zambia,Kafue,90000
Zambia,Kalomo,18810
Zambia,Kalomo incl. Chabishi,73102
Zambia,Kaoma,16979
Zambia,Kapiri Mposhi,43087
Zambia,Kasama,113779
Zambia,Katete,13222
Zambia,Kawambwa,7235
Zambia,Kitwe,504194
Zambia,Maramba,136897
Zambia,Luanshya,120000
Zambia,Lundazi,16017
Zambia,Lusaka,1742
Zambia,Luwingu,5398
Zambia,Maamba,9818
Zambia,Mansa,55000
Zambia,Mansa incl. Nakambala,65000
Zambia,Mbala,25111
Zambia,Mkushi,15000
Zambia,Mongu,49549
Zambia,Monze,30000
Zambia,Mpika,39637
Zambia,Mporokoso,6008
Zambia,Mpulungu,7488
Zambia,Mufulira,140000
Zambia,Mumbwa,22247
Zambia,Kazembe,7382
Zambia,Mwense,3818
Zambia,Mwinilunga,15610
Zambia,Nakonde,15000
Zambia,Nchelenge,34923
Zambia,Ndola,455194
Zambia,Petauke,21000
Zambia,Samfya,20318
Zambia,Senanga,13579
Zambia,Serenje,10500
Zambia,Sesheke,11933
Zambia,Siavonga,20000
Zambia,Solwezi,45000
Zambia,Zambezi,10209
Zimbabwe,Banket,9814
Zimbabwe,Beitbridge,22136
Zimbabwe,Bindura,33637
Zimbabwe,Bulawayo,676650
Zimbabwe,Chegutu,43424
Zimbabwe,Sinoia,49330
Zimbabwe,Chipinge,17420
Zimbabwe,Chiredzi,25849
Zimbabwe,Chitungwiza,323260
Zimbabwe,Chivhu,10466
Zimbabwe,Epworth,114067
Zimbabwe,Glendale,9790
Zimbabwe,Gokwe,17633
Zimbabwe,Jawunda,13363
Zimbabwe,Gwelo,140806
Zimbabwe,Salisbury,1435
Zimbabwe,Wankie,36733
Zimbabwe,Gatooma,76346
Zimbabwe,Kariba,23820
Zimbabwe,Karoi,22383
Zimbabwe,Que Que,93608
Zimbabwe,Marandellas,51847
Zimbabwe,Mashava Mines,12976
Zimbabwe,Fort Victoria,69490
Zimbabwe,Mhangura,5747
Zimbabwe,Umtali,170466
Zimbabwe,Norton,44397
Zimbabwe,Plumtree,9948
Zimbabwe,Redcliff,32453
Zimbabwe,Redcliff incl. Tsanzaguru,22741
Zimbabwe,Redcliff incl. Zimrepark,23681
Zimbabwe,Redcliff incl. Mining Area,10220
Zimbabwe,Redcliff incl. Mining Area,16863
Zimbabwe,Victoria Falls,31519
Zimbabwe,Victoria Falls incl. Mining Area,35128
